student_id,content,wording
000000ffffff,-1.2712469061046798,-1.1888362765793197
111111eeeeee,-1.2712469061046798,-1.1888362765793197
222222cccccc,-1.2712469061046798,-1.1888362765793197
333333dddddd,-1.2712469061046798,-1.1888362765793197
