iter	MultiRMSE
0	1.400449263
100	0.8759051257
200	0.8494120351
300	0.8368529713
400	0.8258470266
500	0.8169779857
600	0.8090081077
700	0.8022737971
800	0.7959328567
900	0.7904941257
999	0.7851065118
