iter	MultiRMSE
0	1.400102051
100	0.7985507711
200	0.7542657895
300	0.7368430729
400	0.722959951
500	0.7126382601
600	0.7041749261
700	0.6971673151
800	0.6902528351
900	0.6841303117
999	0.6786258542
